{
  "bottle": {
    "auc_test": 0.9952380952380953,
    "tau_F1": 32.04131840277652,
    "tau_F2": 24.861816682001834,
    "tau_safe": 24.861816682001834,
    "metrics_F1": {
      "precision": 1.0,
      "recall": 0.9682539682539683,
      "f1": 0.9838709677419355,
      "f2": 0.9744408945686901
    },
    "metrics_F2": {
      "precision": 0.9402985074626866,
      "recall": 1.0,
      "f1": 0.9692307692307692,
      "f2": 0.987460815047022
    },
    "metrics_safe": {
      "precision": 0.9402985074626866,
      "recall": 1.0,
      "f1": 0.9692307692307692,
      "f2": 0.987460815047022
    },
    "n_train_normals": 209,
    "n_test": 83
  },
  "cable": {
    "auc_test": 0.8834332833583208,
    "tau_F1": 22.489762399576815,
    "tau_F2": 18.284674588909656,
    "tau_safe": 18.284674588909656,
    "metrics_F1": {
      "precision": 0.891566265060241,
      "recall": 0.8043478260869565,
      "f1": 0.8457142857142858,
      "f2": 0.8203991130820399
    },
    "metrics_F2": {
      "precision": 0.6814814814814815,
      "recall": 1.0,
      "f1": 0.8105726872246696,
      "f2": 0.9145129224652088
    },
    "metrics_safe": {
      "precision": 0.6814814814814815,
      "recall": 1.0,
      "f1": 0.8105726872246696,
      "f2": 0.9145129224652088
    },
    "n_train_normals": 224,
    "n_test": 150
  },
  "capsule": {
    "auc_test": 0.8783406461906661,
    "tau_F1": 19.341192442551282,
    "tau_F2": 19.341192442551282,
    "tau_safe": 19.341192442551282,
    "metrics_F1": {
      "precision": 0.872,
      "recall": 1.0,
      "f1": 0.9316239316239316,
      "f2": 0.9714795008912656
    },
    "metrics_F2": {
      "precision": 0.872,
      "recall": 1.0,
      "f1": 0.9316239316239316,
      "f2": 0.9714795008912656
    },
    "metrics_safe": {
      "precision": 0.872,
      "recall": 1.0,
      "f1": 0.9316239316239316,
      "f2": 0.9714795008912656
    },
    "n_train_normals": 219,
    "n_test": 132
  },
  "carpet": {
    "auc_test": 0.8471107544141251,
    "tau_F1": 32.802172875020844,
    "tau_F2": 23.721512236601317,
    "tau_safe": 23.721512236601317,
    "metrics_F1": {
      "precision": 0.845360824742268,
      "recall": 0.9213483146067416,
      "f1": 0.8817204301075269,
      "f2": 0.9050772626931567
    },
    "metrics_F2": {
      "precision": 0.7606837606837606,
      "recall": 1.0,
      "f1": 0.8640776699029126,
      "f2": 0.9408033826638478
    },
    "metrics_safe": {
      "precision": 0.7606837606837606,
      "recall": 1.0,
      "f1": 0.8640776699029126,
      "f2": 0.9408033826638478
    },
    "n_train_normals": 280,
    "n_test": 117
  },
  "grid": {
    "auc_test": 0.6131996658312447,
    "tau_F1": 17.01812867075969,
    "tau_F2": 17.01812867075969,
    "tau_safe": 17.01812867075969,
    "metrics_F1": {
      "precision": 0.7307692307692307,
      "recall": 1.0,
      "f1": 0.8444444444444444,
      "f2": 0.9313725490196079
    },
    "metrics_F2": {
      "precision": 0.7307692307692307,
      "recall": 1.0,
      "f1": 0.8444444444444444,
      "f2": 0.9313725490196079
    },
    "metrics_safe": {
      "precision": 0.7307692307692307,
      "recall": 1.0,
      "f1": 0.8444444444444444,
      "f2": 0.9313725490196079
    },
    "n_train_normals": 264,
    "n_test": 78
  },
  "hazelnut": {
    "auc_test": 0.9817857142857143,
    "tau_F1": 49.73984287935478,
    "tau_F2": 44.90721658119702,
    "tau_safe": 40.88002799939888,
    "metrics_F1": {
      "precision": 0.9565217391304348,
      "recall": 0.9428571428571428,
      "f1": 0.9496402877697842,
      "f2": 0.9455587392550143
    },
    "metrics_F2": {
      "precision": 0.8846153846153846,
      "recall": 0.9857142857142858,
      "f1": 0.9324324324324325,
      "f2": 0.9636871508379888
    },
    "metrics_safe": {
      "precision": 0.7865168539325843,
      "recall": 1.0,
      "f1": 0.8805031446540881,
      "f2": 0.948509485094851
    },
    "n_train_normals": 391,
    "n_test": 110
  },
  "leather": {
    "auc_test": 0.9714673913043478,
    "tau_F1": 34.65812807665385,
    "tau_F2": 31.070109026949947,
    "tau_safe": 27.48208997724604,
    "metrics_F1": {
      "precision": 0.9560439560439561,
      "recall": 0.9456521739130435,
      "f1": 0.9508196721311475,
      "f2": 0.9477124183006536
    },
    "metrics_F2": {
      "precision": 0.900990099009901,
      "recall": 0.9891304347826086,
      "f1": 0.9430051813471503,
      "f2": 0.9701492537313433
    },
    "metrics_safe": {
      "precision": 0.8214285714285714,
      "recall": 1.0,
      "f1": 0.9019607843137255,
      "f2": 0.9583333333333334
    },
    "n_train_normals": 245,
    "n_test": 124
  },
  "metal_nut": {
    "auc_test": 0.9374389051808406,
    "tau_F1": 20.349245938868982,
    "tau_F2": 20.165996850660118,
    "tau_safe": 20.165996850660118,
    "metrics_F1": {
      "precision": 0.92,
      "recall": 0.989247311827957,
      "f1": 0.9533678756476683,
      "f2": 0.9745762711864406
    },
    "metrics_F2": {
      "precision": 0.9029126213592233,
      "recall": 1.0,
      "f1": 0.9489795918367347,
      "f2": 0.9789473684210527
    },
    "metrics_safe": {
      "precision": 0.9029126213592233,
      "recall": 1.0,
      "f1": 0.9489795918367347,
      "f2": 0.9789473684210527
    },
    "n_train_normals": 220,
    "n_test": 115
  },
  "pill": {
    "auc_test": 0.8153300600109111,
    "tau_F1": 23.869418062405302,
    "tau_F2": 19.386348651685275,
    "tau_safe": 19.386348651685275,
    "metrics_F1": {
      "precision": 0.8993288590604027,
      "recall": 0.950354609929078,
      "f1": 0.9241379310344827,
      "f2": 0.9396914446002805
    },
    "metrics_F2": {
      "precision": 0.8493975903614458,
      "recall": 1.0,
      "f1": 0.9185667752442996,
      "f2": 0.9657534246575342
    },
    "metrics_safe": {
      "precision": 0.8493975903614458,
      "recall": 1.0,
      "f1": 0.9185667752442996,
      "f2": 0.9657534246575342
    },
    "n_train_normals": 267,
    "n_test": 167
  },
  "screw": {
    "auc_test": 0.776183644189383,
    "tau_F1": 29.30271042104333,
    "tau_F2": 25.333640934458575,
    "tau_safe": 25.333640934458575,
    "metrics_F1": {
      "precision": 0.8156028368794326,
      "recall": 0.9663865546218487,
      "f1": 0.8846153846153846,
      "f2": 0.9319286871961102
    },
    "metrics_F2": {
      "precision": 0.74375,
      "recall": 1.0,
      "f1": 0.8530465949820788,
      "f2": 0.9355345911949685
    },
    "metrics_safe": {
      "precision": 0.74375,
      "recall": 1.0,
      "f1": 0.8530465949820788,
      "f2": 0.9355345911949685
    },
    "n_train_normals": 320,
    "n_test": 160
  },
  "tile": {
    "auc_test": 0.9790764790764791,
    "tau_F1": 26.739869475366746,
    "tau_F2": 26.739869475366746,
    "tau_safe": 19.477031034177198,
    "metrics_F1": {
      "precision": 0.9642857142857143,
      "recall": 0.9642857142857143,
      "f1": 0.9642857142857143,
      "f2": 0.9642857142857143
    },
    "metrics_F2": {
      "precision": 0.9642857142857143,
      "recall": 0.9642857142857143,
      "f1": 0.9642857142857143,
      "f2": 0.9642857142857143
    },
    "metrics_safe": {
      "precision": 0.7636363636363637,
      "recall": 1.0,
      "f1": 0.865979381443299,
      "f2": 0.9417040358744395
    },
    "n_train_normals": 230,
    "n_test": 117
  },
  "toothbrush": {
    "auc_test": 0.9555555555555555,
    "tau_F1": 7.383399971151544,
    "tau_F2": 7.383399971151544,
    "tau_safe": 7.383399971151544,
    "metrics_F1": {
      "precision": 0.9090909090909091,
      "recall": 1.0,
      "f1": 0.9523809523809523,
      "f2": 0.9803921568627451
    },
    "metrics_F2": {
      "precision": 0.9090909090909091,
      "recall": 1.0,
      "f1": 0.9523809523809523,
      "f2": 0.9803921568627451
    },
    "metrics_safe": {
      "precision": 0.9090909090909091,
      "recall": 1.0,
      "f1": 0.9523809523809523,
      "f2": 0.9803921568627451
    },
    "n_train_normals": 60,
    "n_test": 42
  },